id	text	len	date	source	likes	rt
1118920471158775808	"RT @maurogranja: Pobres Dimas y Gestas. Mario Marin y Kamel Nacif Borge, son con mucho, unos monstruos del crimen.
@lydiacachosi https://t.‚Ä¶"	140	2019-04-18 16:53:23	Twitter for iPad	0	19
1118920179948277760	RT @el_pais: ‚ÄúEst√° muy claro que no somos los √∫nicos seres con inteligencia. Hay cerdos que son m√°s inteligentes que algunos perros, y aun‚Ä¶	139	2019-04-18 16:52:14	Twitter for iPad	0	3624
1118919667173642240	"RT @JC_Berjon: #Cannes2019
Peque√±o adelanto de la selecci√≥n de #CannesClassics todav√≠a por anunciarse, con la buena noticia de la presencia‚Ä¶"	140	2019-04-18 16:50:11	Twitter for iPad	0	19
1118915893319221248	RT @Truthdig: The Mueller report is finally available to the public, and it's incredibly damaging to the president https://t.co/ruKlFxyf2J	138	2019-04-18 16:35:12	Twitter for iPad	0	15
1118709785346465792	RT @ajplusespanol: La periodista mexicana @lydiacachosi expuso una red de pederastia en la que estaban involucrados 19 funcionarios p√∫blico‚Ä¶	140	2019-04-18 02:56:12	Twitter for iPad	0	704
1118709409813635072	"RT @JohanGaltung: Then SECOND: 

I suggest you only pay attention to this information if it ALSO provides answers to: 

why? 
when? 
whose?‚Ä¶"	140	2019-04-18 02:54:42	Twitter for iPad	0	7
1118708438714839040	RT @democracynow: Climate activists with @xr_nyc shut down traffic outside New York City Hall Wednesday, partially blocking access to the B‚Ä¶	140	2019-04-18 02:50:51	Twitter for iPad	0	325
1118690237411016704	@AlejandroSanz Gracias amigo querido @AlejandroSanz Un abrazo lleno de cari√±o.	78	2019-04-18 01:38:31	Twitter for iPad	59	2
1118675208565510146	Investigar es importante: Nassar Daw se deslinda de la defensa de Mario Mar√≠n - https://t.co/wU7EWcr8Az	103	2019-04-18 00:38:48	Twitter for iPad	90	44
1118272095341826048	https://t.co/HRkSjAqEkQ	23	2019-04-16 21:56:58	Twitter for iPad	464	243
1118254788800466944	Mexican journalist Lydia Cacho: 'I don't scare easily' https://t.co/6oabRK3sMT And still not scared but stronger than ever.	123	2019-04-16 20:48:12	Twitter for iPad	1822	659
1118254260674674688	My name is Lydia Cacho.I am a journalist &amp; Human Rights defender I will never quit until Justice is served.This is‚Ä¶ https://t.co/wC53WAcUpf	143	2019-04-16 20:46:06	Twitter for iPad	819	374
1118250628646445056	Mi nombre es Lydia Cacho, soy periodista, defensora de los Derechos Humanos y no me voy a rendir hasta que se haga‚Ä¶ https://t.co/XwljckgJOK	139	2019-04-16 20:31:40	Twitter for iPad	16091	9036
1117831170203369472	@Viriloz El mejor resumen, corto, claro y realista que he le√≠do en mucho tiempo.	80	2019-04-15 16:44:53	Twitter for iPad	74	18
1117831053123567620	"RT @Viriloz: Los d√≠as de Mario Mar√≠n y los torturadores de @lydiacachosi est√°n por terminar #Justicia 

https://t.co/9nq7BY67pv"	127	2019-04-15 16:44:26	Twitter for iPad	0	298
1117829460034609152	RT @Mare_Terra: Gracias a vosotros por aportar ese puntito de luz que tra√©is de serie. Los premiados de este a√±o ya ver√©is que son un aut√©n‚Ä¶	140	2019-04-15 16:38:06	Twitter for iPad	0	8
1117641769368186880	Escritoras de renombre encumbraron jornada inicial del Festival de Libros https://t.co/F8xn7nOvk9	97	2019-04-15 04:12:17	Twitter for iPad	94	32
1117639958892650496	Video üëâüèºLas llamadas telef√≥nicas en que la juez se vende con la mafia mexicana de pederastas y pol√≠ticos. C√≥mo mani‚Ä¶ https://t.co/37ADYzHJFS	140	2019-04-15 04:05:05	Twitter for iPad	914	805
1117339618477666310	Gracias querido @juanmartinmx a√±os de trabajo contra el abuso a la ni√±ez mexicana, los mismos dedicados tambi√©n a s‚Ä¶ https://t.co/AWZEB1KnEa	140	2019-04-14 08:11:38	Twitter for iPad	186	59
1117337724023787522	RT @contralinea: M√©xico tiene cifras de muertes violentas de un pa√≠s en guerra: Bachelet https://t.co/dL86PNu0e5 https://t.co/ucbprDCiKF	136	2019-04-14 08:04:07	Twitter for iPad	0	63
1117330871114055681	Estoy hablando del segundo polic√≠a detenido, que se ampar√≥ y no logr√≥ salir de prisi√≥n porque la tortura es un deli‚Ä¶ https://t.co/NFMTYo00ab	140	2019-04-14 07:36:53	Twitter for iPad	343	88
1117270003022057473	RT @Miguel__Lorente: El problema del machismo es que no es capaz de diferenciar ‚Äúhombre‚Äù de ‚Äúmaltratador‚Äù, lo cual indica que para el machi‚Ä¶	140	2019-04-14 03:35:01	Twitter for iPad	0	392
1117269926199218176	@_anapastor_ Me sumo a la felicitaci√≥n querida @_anapastor_	59	2019-04-14 03:34:42	Twitter for iPad	4	0
1117265879572463616	@anonopshispano Ya veremos	26	2019-04-14 03:18:38	Twitter for iPad	243	41
1117263688463831040	S√≠, son 14 a√±os de persecusi√≥n, de abogadas y abogados, de pelear con el Sistema https://t.co/JMI8SlewFa salir corr‚Ä¶ https://t.co/8bJsR1gLtz	140	2019-04-14 03:09:55	Twitter for iPad	2275	880
1117172253001601024	RT @RedPaPaz: Reporte en https://t.co/0EMzVBhhR2 o en el App #TeProtejo casos de #Ciberacoso u otros contenidos que pongan en riesgo a meno‚Ä¶	140	2019-04-13 21:06:35	Twitter for iPad	0	35
1117172022612611072	RT @ElLibreroDeAL: El B√∫falo de la Noche de Guillermo Arriaga. Historia de un tri√°ngulo pasional al borde de la locura, la destrucci√≥n, los‚Ä¶	140	2019-04-13 21:05:40	Twitter for iPad	0	8
1117170020545482752	"RT @hoylosangeles: ‚ö†Ô∏è¬°HOY! #Gratis ‚ö†Ô∏è 
üìöVen al #FestivalDeLibros de Los Angeles Times en Espa√±ol en la Universidad del Sur de California 
üìö‚Ä¶"	140	2019-04-13 20:57:43	Twitter for iPad	0	9
1117140288227557376	@GerardoRuizInc @MMTPUE Mentira	31	2019-04-13 18:59:34	Twitter for iPad	22	5
1117126945559302145	@miapelaez @jlieberman1 @DePacotilla Es en mi libro ‚ÄúEsclavas del poder‚Äù, ella tuvo gran fuerza en impulsar la escl‚Ä¶ https://t.co/OviUzqEHpr	140	2019-04-13 18:06:33	Twitter for iPad	3	2
1117126499973210113	Gracias mi querido @GaelGarciaB me debes un abrazo. https://t.co/dSVXJ7EAee	75	2019-04-13 18:04:47	Twitter for iPad	82	6
1117124356218343424	RT @ValeriaLuiselli: Sometimes there's good news! https://t.co/Yp3SEtKOq5	73	2019-04-13 17:56:16	Twitter for iPad	0	14
1117124305446244352	RT @jorgeramosnews: Creo que los periodistas debemos ser contrapoder. Y siempre he tratado de hacerle preguntas duras a presidentes y expre‚Ä¶	140	2019-04-13 17:56:04	Twitter for iPad	0	4717
1117124073702617088	De acuerdo querida @heraclesmigato #Lleg√≥LaHora https://t.co/MHpm0CEVUq	71	2019-04-13 17:55:08	Twitter for iPad	7	0
1117123781254713344	MeToo: lo que nos toca hacer a los hombres | Internacional | EL PA√çS https://t.co/bdJ93RRt1p  üëáüèΩüëáüèΩüëáüèΩüëáüèΩüëáüèΩüëáüèΩ‚úçüèºüëÄ #MeTooEscritoresMexicanos	135	2019-04-13 17:53:59	Twitter for iPad	56	20
1117119339449049088	@lewisrimart Gracias querido Lewis! Un abrazo de vuelta	55	2019-04-13 17:36:20	Twitter for iPad	1	0
1117098914509754368	"A empezar mi nuevo a√±o! 
Mirando a lo posible
Recordando con agradecimiento a quienes abrieron el camino para las m‚Ä¶ https://t.co/TYT49SiLah"	140	2019-04-13 16:15:10	Instagram	313	43
1117087274372517888	@javiervg27 @marianagc @jorgeramosnews Es un buen video que documenta un momento y ¬ø En qu√© momento ha cre√≠do usted‚Ä¶ https://t.co/D3vmf4dSab	140	2019-04-13 15:28:55	Twitter for iPad	3	0
1117086372852977664	@tonchititito @pilargomezmx Non stop le #EllosHablan antes de enojarte y discutir conmigo.	90	2019-04-13 15:25:20	Twitter for iPad	15	1
1117086129226862592	@AntonioOrtugno @andres_ramirez0 Gracias queridos! Abrazos hasta Alemania.	74	2019-04-13 15:24:22	Twitter for iPad	2	0
1116970684079411201	@betotavira Gracias @betotavira  ü§£ü§£ü§£ AFA	40	2019-04-13 07:45:38	Twitter for iPad	1	0
1116970434547732481	@bufy_hap Gracias Haide	23	2019-04-13 07:44:38	Twitter for iPad	3	1
1116970172005277697	@f_solorzano Graciasquerida @f_solorzano Besos	46	2019-04-13 07:43:35	Twitter for iPad	3	0
1116969721868406784	@genarolozano Gracias! Saludos	30	2019-04-13 07:41:48	Twitter for iPad	7	1
1116969631732736000	@PabloReinah Gracias Pablo	26	2019-04-13 07:41:27	Twitter for iPad	1	0
1116969151308783616	@andres_ramirez0 Gracias Andr√©s. Esa foto me la guardo para siempre	67	2019-04-13 07:39:32	Twitter for iPad	1	0
1116968977677242368	@DiegoEOsorno Gracias querido! Abrazos	38	2019-04-13 07:38:51	Twitter for iPad	3	0
1116968882621706240	@mafermunguia Gracias!	22	2019-04-13 07:38:28	Twitter for iPad	3	0
1116968750001995776	"RT @mafermunguia: Feliz cumplea√±os a una mujer admirable, feroz, imparable y adem√°s, con un estilazo.
Soy muy fan de @lydiacachosi 
üëáüèº http‚Ä¶"	140	2019-04-13 07:37:56	Twitter for iPad	0	40
1116968652480208896	@a_legorreta Gracias querido Alex.	34	2019-04-13 07:37:33	Twitter for iPad	1	0
1116968398938755072	@juanmartinmx @katedelcastillo @tiare_scanda @warkentin @jrisco Gracias querido @juanmartinmx siempre cerca y solidario	119	2019-04-13 07:36:33	Twitter for iPad	1	0
1116968220668219393	RT @juanmartinmx: @lydiacachosi feliz cumplea√±os!! Celebremos la vida en medio de tanta muerte y dolor, celebremos la amistad entre el odio‚Ä¶	140	2019-04-13 07:35:50	Twitter for iPad	0	3
1116968171842473985	@Pancho_Cordova Nunca es tarde para desear felicidad! Gracias	61	2019-04-13 07:35:39	Twitter for iPad	1	0
1116967966434660353	@danielabr3 Gracias por leerlo y comentar	41	2019-04-13 07:34:50	Twitter for iPad	1	0
1116967911942447104	RT @danielabr3: @lydiacachosi Gracias por este libro. https://t.co/8ArJEbuwr2	77	2019-04-13 07:34:37	Twitter for iPad	0	2
1116760560857600000	@skinnyofgold Gracias @skinnyofgold  Saludos	44	2019-04-12 17:50:40	Twitter for iPad	3	0
1116760348831305728	@Cactmood Gracias Esmeralda! Abrazos	36	2019-04-12 17:49:50	Twitter for iPad	1	0
1116760236977573890	@JessAyala17 Gracias @JessAyala17 Un abrazo para ti.	52	2019-04-12 17:49:23	Twitter for iPad	3	0
1116760118635319297	Gracias querida @pilargomezmx  Estaab buscando respuestas efectivas y constructivas ante el #MeToo https://t.co/SxWGl2fMYU	122	2019-04-12 17:48:55	Twitter for iPad	28	6
1116759726396542976	@lunamaya_chable Gracias amiga querida. Un abrazo enorme para ti	64	2019-04-12 17:47:21	Twitter for iPad	1	0
1116759638651707392	RT @marthasosa: Hoy es cumplea√±os de una mujer querida y muy valiente.   Aqu√≠ una muestra de su contribuci√≥n para transformar la violencia‚Ä¶	139	2019-04-12 17:47:00	Twitter for iPad	0	8
1116759595752382464	@marthasosa Mil gracias mi querida @marthasosa ü•∞	48	2019-04-12 17:46:50	Twitter for iPad	4	0
1116742742044921856	@IvonneCrdenas1 Gracias Ivonne	30	2019-04-12 16:39:52	Twitter for iPad	1	0
1116742687074312192	@marisol_mg Gracias Marisol	27	2019-04-12 16:39:39	Twitter for iPad	1	0
1116742593340006400	Gracias mi querida Gaby, celebraremos pues. https://t.co/X5ec3ysb5D	67	2019-04-12 16:39:16	Twitter for iPad	381	26
1116739804387889155	@betotavira @adn40 @cunadegrillos Feliz aniversario por @cunadegrillos querido @betotavira gran esfuerzo period√≠stico!	118	2019-04-12 16:28:12	Twitter for iPad	3	1
1116739420932038656	Gracias! Aqu√≠ celebrando con la presentaci√≥n de #EllosHablan en Los √Ångeles https://t.co/Nl3dGuaF9y	99	2019-04-12 16:26:40	Twitter for iPad	42	4
1116739090131505152	RT @miapelaez: Acabo de comprar el √∫ltimo libro de lydia cacho #Elloshablan y estoy feliz. Mi lectura de semana santa junto a orgullo y pre‚Ä¶	140	2019-04-12 16:25:21	Twitter for iPad	0	3
1116739053456515072	@Bolavsky Gracias mi querido Juan Carlos! Abrazos para ti	57	2019-04-12 16:25:13	Twitter for iPad	2	0
1116738813051564032	Gracias querido! Aqu√≠ celebrando un a√±o m√°s. Abrazos https://t.co/Z4EDdkLbZD	76	2019-04-12 16:24:15	Twitter for iPad	26	3
1116549817042292738	RT @lagunes28: No se lo pierdan un espacio para  avanzar #MeTooMx https://t.co/72Yf7V1u4R	89	2019-04-12 03:53:15	Twitter for iPad	0	9
1116548281813757953	#EllosHablan es un libro sobre hombres latinoamericanos. No solamente mexicanos. De hecho tambi√©n lo hay de Espa√±a,‚Ä¶ https://t.co/mDPyqQbmq1	140	2019-04-12 03:47:09	Twitter for iPad	101	31
1116547518198771714	RT @WeTooMex1: @danielabr3 @Tatyhabibi #EllosHablan de @lydiacachosi en efecto es indispensable lectura	103	2019-04-12 03:44:07	Twitter for iPad	0	2
1116547397516054528	"RT @hoylosangeles: üìö Llega el Festival de Libros de Los Angeles Times en Espa√±ol 
üìö La periodista @lydiacachosi hablar√° de sus investigacio‚Ä¶"	140	2019-04-12 03:43:38	Twitter for iPad	0	7
1116547332374274051	@liderfiscal @fernandeznorona No lo olvidamos. Seguimos adelante	64	2019-04-12 03:43:23	Twitter for iPad	5	0
1115876433639936000	Nos  vemos en Los √Ångeles el Sabado 13 de Abril a las 3:45 en el Festival del Libro. ‚Å¶@LosAngelesTime_‚Å© https://t.co/aBH1X3bpMg	127	2019-04-10 07:17:28	Twitter for iPad	64	18
1115718663460360192	These tools are what we journalists have been waiting for! So excited to see you join forces to deter buyers of sla‚Ä¶ https://t.co/MXF5uzlwZb	140	2019-04-09 20:50:33	Twitter for iPad	43	19
1115717849773772801	@techUK @UN_Women @GoogleARVR Thank you @UN_Women and @GoogleARVR Tech has helped me as a journalist to investigate‚Ä¶ https://t.co/Qq9YpIhUyJ	140	2019-04-09 20:47:19	Twitter for iPad	2	1
1115716762668949504	RT @techUK: Excited to be at the announcement of the @bsrnews Tech Against Trafficking accelerator of tech tools that can make a difference‚Ä¶	140	2019-04-09 20:42:59	Twitter for iPad	0	8
1115716680808669184	When we join knowledge technology and Human Rights we are in the right path #TechAgainstTrafficking #CTHB19 Journal‚Ä¶ https://t.co/J4Tm6JSNLD	140	2019-04-09 20:42:40	Twitter for iPad	9	6
1115715799493136384	RT @techUK: On 8 May we're hosting a workshop with a team led by the University of Edinburgh who are independently evaluating whether NHS E‚Ä¶	140	2019-04-09 20:39:10	Twitter for iPad	0	2
1115714170895228928	RT @techUK: Virtual Reality has huge potential for storytelling &amp; getting across the human side of trafficking and modern slavery, which is‚Ä¶	144	2019-04-09 20:32:41	Twitter for iPad	0	6
1115711898228408320	Lydia Cacho, Carmen Calvo, Cruz S√°nchez de Lara, Mar√≠a Jes√∫s Montero, Joaquim Bosch, entre los galardonados con las‚Ä¶ https://t.co/Oh0XmKQOhi	140	2019-04-09 20:23:40	Twitter for iPad	21	9
1115263203079000064	@article19mex	13	2019-04-08 14:40:42	Twitter for iPad	12	5
1115263149140213764	Respuesta: Por ordenes de la ONU nuevo gobierno ofreci√≥ disculpas por la tortura,el 6 de enero 2019 @SEGOB_mx prome‚Ä¶ https://t.co/3Dt3qXvGyJ	140	2019-04-08 14:40:29	Twitter for iPad	371	231
1115259834302119936	RT @trinomonero: Las f√°bulas se publican de lunes a viernes aqu√≠ üëá @ElFinanciero_Mx https://t.co/D5gl99hiqK	107	2019-04-08 14:27:19	Twitter for iPad	0	379
1115127443482906626	@BoseOfficial En M√©xico, donde has vivido los √∫ltimos a√±os hay entre 6 y 9 feminicidios diarios.30 mil ni√±os secues‚Ä¶ https://t.co/CjTn1Bayez	140	2019-04-08 05:41:15	Twitter for iPad	22	11
1114963637712584705	"üåé
En conversaci√≥n privada con la Alta Comisionada para los Derechos Humanos de la ONU Michelle Bachelet. 
Las amena‚Ä¶ https://t.co/z4YUyXL3yr"	140	2019-04-07 18:50:20	Instagram	105	35
1114961163421401088	Encuentro privado con la Alta Comisionada de Naciones Unidas para los derechos humanos.Los problemas que enfrentamo‚Ä¶ https://t.co/VNuYZ9td7b	140	2019-04-07 18:40:30	Twitter for iPad	899	245
1114958241140826112	@CarlosMayab Claro que s√≠! Saludos	34	2019-04-07 18:28:54	Twitter for iPad	1	0
1114957709286223872	RT @LauraCerrud: Lectura recomendada para quienes quieran dejar de tener masculinidades fr√°giles, para quienes quieran dejar de ser mujeres‚Ä¶	140	2019-04-07 18:26:47	Twitter for iPad	0	17
1114659224552968192	RT @BelenSanzLuq: Todas las mujeres que han denunciado p√∫blicamente el acoso sexual dan cuenta de la magnitud del problema y del poder tran‚Ä¶	140	2019-04-06 22:40:43	Twitter for iPad	0	202
1114611464537612288	Vuelven las elecciones a #Puebla Los pol√≠ticos de todos los partidos intentan usar mi caso para atacarse.Mientras t‚Ä¶ https://t.co/MX8ODKKgsn	140	2019-04-06 19:30:56	Twitter for iPad	2261	1683
1114608709362122753	"RT @miapelaez: @femi_artesanal Hola, estoy leyendo el libro ""Esclavas del poder"" de @lydiacachosi . te lo recomiendo."	117	2019-04-06 19:19:59	Twitter for iPad	0	6
1114416327832289280	#Puebla los Ministros de la Suprema Corte de Justicia de la Naci√≥n, ten√≠an raz√≥n. Ahora que la ONU y el gobierno de‚Ä¶ https://t.co/12kBy1NZOj	140	2019-04-06 06:35:32	Twitter for iPad	355	218
1114411840182935552	RT @BelenSanzLuq: ‚ÄúNo se puede concebir la pacificaci√≥n de un pa√≠s si no se atienden las desigualdades sociales‚Äù #TodasIgualesTodasSeguras‚Ä¶	139	2019-04-06 06:17:42	Twitter for iPad	0	49
1114411709245153280	@itzelmezzo @AnaJuli20104865 @metoomusicamx @luisantgarcia Exacto, la depresi√≥n es una enfermedad seria, M√©xico No‚Ä¶ https://t.co/XfkFA1lIT6	139	2019-04-06 06:17:10	Twitter for iPad	5	4
1114411314791768069	Aprend√≠ que la diferencia entre exigir venganza a trav√©s de la humillaci√≥n y exigir justicia a trav√©s de la demanda‚Ä¶ https://t.co/BuVlQy5ePB	140	2019-04-06 06:15:36	Twitter for iPad	363	118
1114408243386888193	RT @maurogendes: Con el √°nimo de compartir, complementamos el cap√≠tulo del programa #LLEGOLAHORA en el que participamos, agradeciendo a @ly‚Ä¶	140	2019-04-06 06:03:24	Twitter for iPad	0	5
1114384280090759170	@laurapadilla67 Gracias querida. Nos vemos pronto	49	2019-04-06 04:28:11	Twitter for iPad	4	0
1114384082346172416	Nos vemos en Los √Ångeles con @LosAngelesTimes en la @UniversidadeUSC Abril 13 y 14 #FestivalDeLibros #BookFestival‚Ä¶ https://t.co/Dmp3inKdYZ	139	2019-04-06 04:27:24	Twitter for iPad	39	17
1114323500913831936	Los chicos de la mano de las chicas buscando nuevas formas de convivencia para erradicar el machismo como f√≥rmula c‚Ä¶ https://t.co/yEYnchp7yj	140	2019-04-06 00:26:40	Twitter for iPad	93	39
1114319687842770944	La ira,el resentimiento,el rencor nos impiden debatir, disentir y construir nuevas narrativas. Expresar las emocion‚Ä¶ https://t.co/MYQ3B0qfpV	140	2019-04-06 00:11:31	Twitter for iPad	1190	413
1114033856691228672	As√≠ trabajamos con las ni√±as y ni√±os de M√©xico. Buscando nuevas narrativas, para que aprendan a convivir, a amar y‚Ä¶ https://t.co/bq5vywpUle	139	2019-04-05 05:15:43	Twitter for iPad	971	371
1113260629375311873	"El poder de la √©tica.
Cuando comprendemos que nuestra labor como periodistas consiste en observar todos los √°ngulos‚Ä¶ https://t.co/r9KRqBCMJL"	140	2019-04-03 02:03:12	Instagram	111	22
1113097339638550528	RT @UN_Women: A social experiment with one man, one woman, doing the same job and a must-watch on today's #EqualPayDay in the US: https://t‚Ä¶	140	2019-04-02 15:14:20	Twitter for iPad	0	298
1113096516569305089	@marthasosa La mejor explicaci√≥n sobre los #PremiosF√©nix de @marthasosa ‚ù§Ô∏èüôèüèº	76	2019-04-02 15:11:04	Twitter for iPad	6	1
1113096150264041478	RT @marthasosa: La comunidad cinematogr√°fica de Latinoam√©rica y Espa√±a, perdi√≥ hoy un gran escaparate que promov√≠a  nuestras lenguas, nuest‚Ä¶	140	2019-04-02 15:09:37	Twitter for iPad	0	43
1113095596246695937	@Gadamadra No entendiste nada. Yo jam√°s celebrar√© la muerte de nadie. Si leyeras mis tuits al respecto lo entender√≠‚Ä¶ https://t.co/CihdjHmyvR	140	2019-04-02 15:07:25	Twitter for iPad	401	26
1113092750080200704	RT @snowmermaidMX: @warkentin @asilascosasw @lydiacachosi A mi me levant√≥ la falda uno de los jefes en una escuela que trabaj√©. Eso fue hac‚Ä¶	140	2019-04-02 14:56:06	Twitter for iPad	0	15
1113091453528539138	Dear sisters... one year ago we wrote and talked about this. Now it‚Äôs Mexico‚Äôs turn for women to stand  together.‚Ä¶ https://t.co/GgjEzouW3P	138	2019-04-02 14:50:57	Twitter for iPad	203	68
1113077294006964225	No se trata de premiar, es unir culturas y promover el cine para toda sy todos los latinoamericanos. La incertidumb‚Ä¶ https://t.co/9uTVISa9od	140	2019-04-02 13:54:41	Twitter for iPad	93	35
1113076798621876224	"RT @PremiosFenix: SE CANCELAN LOS PREMIOS F√âNIX.
Nos enfrentamos a una realidad econ√≥mica y cambio en las pol√≠ticas culturales en M√©xico qu‚Ä¶"	140	2019-04-02 13:52:43	Twitter for iPad	0	1936
1113076627867648000	RT @elever_gonzalez: Una de las iniciativas ciudadanas m√°s relevantes en Iberoam√©rica se desmantela. @PremiosFenix , celebrados y esperados‚Ä¶	140	2019-04-02 13:52:02	Twitter for iPad	0	192
1112897055612170245	@TheLupe2000 Absolutamente de acuerdo. Pero esto no lo resolveremos las mujeres. Los hombres tienen que formar parte de la transformaci√≥n.	138	2019-04-02 01:58:29	Twitter for iPad	49	9
1112895370961543168	Mi √∫ltimo tuit de esta noche. He documentado miles de actos de violencia brutal a lo largo de 30 a√±os de carrera. T‚Ä¶ https://t.co/rtA0nY53u2	140	2019-04-02 01:51:47	Twitter for iPad	2709	1035
1112891491553296386	Estoy saturada de trabajo,me resulta imposible seguir Twitter todo el tiempo.A m√≠ no me busc√≥ cuando apareci√≥ la de‚Ä¶ https://t.co/txCwh4uCS7	140	2019-04-02 01:36:22	Twitter for iPad	1341	237
1112891327820201984	Estoy saturada de trabajo,me resulta imposible seguir Twitter todo el tiempo. A m√≠ no me busc√≥ cuando apareci√≥ la d‚Ä¶ https://t.co/KNwSmw3PuU	140	2019-04-02 01:35:43	Twitter for iPad	264	52
1112891230302732291	@lastimita_show @metoomusicamx Estoy saturada de trabajo,me resulta imposible seguir Twitter todo el tiempo. A m√≠ n‚Ä¶ https://t.co/mylal4YkvQ	140	2019-04-02 01:35:20	Twitter for iPad	0	0
1112890202941546496	@lastimita_show @metoomusicamx No, por eso esperaba que √©l reaccionara. El 14 de Marzo Armando me escribi√≥ que la v‚Ä¶ https://t.co/sEJ0nuhN1p	140	2019-04-02 01:31:15	Twitter for iPad	128	10
1112888484853899264	El diagn√≥stico es claro: la violencia debe parar, la sociedad entera debe hacer nuevos acuerdos de convivencia.Toda‚Ä¶ https://t.co/cPLhPdbH3C	140	2019-04-02 01:24:25	Twitter for iPad	532	270
1112884930202271746	Sostengo lo dicho: creo en la justicia, no en la pena de muerte, autoinflingida o externa. La v√≠ctima tiene testigo‚Ä¶ https://t.co/1W2CGzvTKH	140	2019-04-02 01:10:18	Twitter for iPad	715	196
1112882934162341895	Han intentado hackear varias cuentas de #MeTooMx para averiguar los nombres de las v√≠ctimas. Medios est√°n poniendo‚Ä¶ https://t.co/r3h8fLaUG7	139	2019-04-02 01:02:22	Twitter for iPad	325	160
1112881092984557569	@ElaCacho Lo sostengo. La v√≠ctima que denunci√≥ tiene testigos: sus amigas que la acompa√±aron.Armando eligi√≥ ese cam‚Ä¶ https://t.co/xlFd2pcdna	140	2019-04-02 00:55:03	Twitter for iPad	26	4
1112860218407284738	Todas las vidas importan. Nadie aporta absolutamente nada, intentando polarizar. Si algo hizo Armando fue buscar di‚Ä¶ https://t.co/PQoZD3pgrP	140	2019-04-01 23:32:06	Twitter for iPad	2668	516
1112858895012298754	@arodany23 ¬øQui√©n te dice que no hay causas penales en #MeToo ? Los miles de casos han rebasado a los seis grupos c‚Ä¶ https://t.co/Zr4lrM5yCB	140	2019-04-01 23:26:51	Twitter for iPad	364	59
1112858010198659072	Peque√±o detalle: ganamos el caso en Ginebra demostrando c√≥mo se llev√≥ a cabo la estrategia de Mario Mar√≠n y la estr‚Ä¶ https://t.co/VggoPeMA7F	140	2019-04-01 23:23:20	Twitter for iPad	1642	1194
1112856479818833925	RT @juanmartinmx: Epidemia de #Ni√±ezDesaparecida (y posterior feminicidio) contin√∫a imparable frente a omisi√≥n dolosa de todas las autorida‚Ä¶	140	2019-04-01 23:17:15	Twitter for iPad	0	54
1112856443156393984	RT @GENDESAC: El movimiento #metoo lleg√≥ a M√©xico pero el acoso y el hostigamiento no son temas nuevos en nuestro pa√≠s . Te invitamos a ver‚Ä¶	140	2019-04-01 23:17:06	Twitter for iPad	0	32
1112856409027248129	@maurogendes Gracias a ti Mauro, por darnos luz de c√≥mo abrir el di√°logo con los hombres para trabajar el machismo.‚Ä¶ https://t.co/8ImK5aUy0w	140	2019-04-01 23:16:58	Twitter for iPad	8	2
1112856222674423813	RT @maurogendes: Compartimos y agradecemos a @lydiacachosi por esta invitaci√≥n para participar en su programa #Lleg√≥LaHora https://t.co/dv9‚Ä¶	140	2019-04-01 23:16:14	Twitter for iPad	0	4
1112856161106186241	@esteban_pablet Gracias @esteban_pablet Saludos	47	2019-04-01 23:15:59	Twitter for iPad	0	0
1112856093774970881	RT @esteban_pablet: @lydiacachosi Hoy m√°s que nunca la lectura de #EllosHablan es necesaria entendida como una respuesta amorosa al #Metoo	138	2019-04-01 23:15:43	Twitter for iPad	0	9
1112854807142952960	Mi querido Armando Vega Gil, hace tiempo dudabas que valiera la pena seguir adelante en un mundo tan violento.Fuist‚Ä¶ https://t.co/3KKIwUDcDD	140	2019-04-01 23:10:36	Twitter for iPad	6948	2296
1112852697672241152	RT @AlejandroOtaola: @metoomusicamx https://t.co/CYy7MiGpBQ	59	2019-04-01 23:02:13	Twitter for iPad	0	79
1112713748144418818	"Pues as√≠ comenzamos:
‚ÄúAutora del mes‚Äù en librer√≠as Samborns. 
Cuando decid√≠ investigar y escribir #EllosHablan adve‚Ä¶ https://t.co/yKTvx68sCA"	140	2019-04-01 13:50:05	Instagram	115	35
1112397262360059921	RT @latimesespanol: Llega el Festival de Libros de Los Angeles Times en Espa√±ol üìö La periodista @lydiacachosi hablar√° de sus investigacione‚Ä¶	140	2019-03-31 16:52:29	Twitter for iPad	0	17
1112396707319463936	RT @JavierBenitezM: Cuando uno relee cada l√≠nea de este testimonio pareciera que le han tirado un balde agua fr√≠a encima, sobre todo cuando‚Ä¶	140	2019-03-31 16:50:17	Twitter for iPad	0	15
1111918940249305089	RT @ONUMujeresMX: Por espacios y transporte p√∫blico seguro para las mujeres y las ni√±as, eduquemos para respetar. #CiudadesSeguras https://‚Ä¶	140	2019-03-30 09:11:48	Twitter for iPad	0	103
1111915540593999872	RT @Forbes_Mexico: Con 344 votos en contra y 286 a favor, el plan de Brexit de la primera ministra Theresa May fracas√≥ por tercera vez. htt‚Ä¶	140	2019-03-30 08:58:17	Twitter for iPad	0	10
1111915007757959168	A las denunciantes y los denunciados en #MeTooAcad√©micosMx https://t.co/2ldpY2DxAg v√≠a @ObservaHistoria	103	2019-03-30 08:56:10	Twitter for iPad	25	15
1111827992362315776	RT @OnceNoticiasTV: üìπ El presidente de Estados Unidos, Donald Trump amenaz√≥ con cerrar la frontera con nuestro pa√≠s la pr√≥xima semana. Chec‚Ä¶	140	2019-03-30 03:10:24	Twitter for iPad	0	11
1111826057693487104	@ndie24 As√≠ pues, tal y como dice la RAE actualmente se aceptan ambos t√©rminos, psicolog√≠a y sicolog√≠a para definir‚Ä¶ https://t.co/QrPYob8CkN	140	2019-03-30 03:02:43	Twitter for iPad	12	0
1111825557149417472	@CamilaZepedaL Mi querida @CamilaZepedaL te abrazo. Gracias por tu cari√±o siempre.	82	2019-03-30 03:00:44	Twitter for iPad	4	2
1111528004088401921	LLEGO LA HORA LYDIA CACHO EN  TELEMUNDO https://t.co/KpAuzoBikc v√≠a @YouTube	76	2019-03-29 07:18:22	Twitter for iPad	42	13
1111527931732508672	Aqu√≠puedes verlo LLEGO LA HORA LYDIA CACHO EN  TELEMUNDO https://t.co/KpAuzoBikc v√≠a @YouTube @googlemexico  estamos en #Youtube	128	2019-03-29 07:18:04	Twitter for iPad	11	3
1111526821022056450	RT @PeriodistasPUM: Luego de que fuera se√±alado por acoso sexual en la iniciativa #MeTooPeriodistas, Leonardo Valero fue removido se su car‚Ä¶	140	2019-03-29 07:13:39	Twitter for iPad	0	201
1111526447657771008	El reconocimiento p√∫blico de los hechos, la revisi√≥n de los sistemas de poder machista en el mundo empresarial,la a‚Ä¶ https://t.co/86IakTTKf4	140	2019-03-29 07:12:10	Twitter for iPad	111	34
1111525039227224064	@shamshiine Gracias Shamara	27	2019-03-29 07:06:35	Twitter for iPad	4	0
1111524834276712449	RT @mariatearnal: Hoy en @googlemexico tenemos una invitada de lujo @lydiacachosi quien arranca dici√©ndonos: ‚Äúme preparo para lo peor pero‚Ä¶	139	2019-03-29 07:05:46	Twitter for iPad	0	12
1111524667184111617	RT @mariatearnal: ‚ÄúLas feministas necesitamos una nueva narrativa‚Äù ‚Äúlos hombres tienen que unirse, tenemos que dialogar y reconocer los mic‚Ä¶	140	2019-03-29 07:05:06	Twitter for iPad	0	28
1111524597415972865	@anatigre_ Nadie dijo que basta, hay que comenzar con el reconocimiento de los actos para avanzar en el di√°logo y l‚Ä¶ https://t.co/sUUhOmbSSu	140	2019-03-29 07:04:49	Twitter for iPad	16	0
1111523952986329089	@UN_Women @Google Thank you so much @googlemexico @ThinkGoogleLA @UN_Women	74	2019-03-29 07:02:16	Twitter for iPad	1	0
1111523781783232512	"RT @UN_Women: We partnered with @Google to spotlight 4 women‚Äôs rights defenders through VR.

One of them is @lydiacachosi from Mexico. She'‚Ä¶"	140	2019-03-29 07:01:35	Twitter for iPad	0	134
1111522484711497728	@MarDeTavira @ROMACuaron @PremiDavid Abrazos Marina querida! Felicidades	72	2019-03-29 06:56:26	Twitter for iPad	11	0
1111519888399613952	"#metoopol√≠ticosmexicanos 
As√≠ o m√°s claro.
El poder conlleva responsabilidad
El liderazgo se mide no por la aceptac‚Ä¶ https://t.co/Prp4rjKN5R"	140	2019-03-29 06:46:07	Instagram	42	13
1111517101339090946	‚ÄúSi las mujeres nos hemos jugado la vida por atrevernos a revelar la verdad, lo menos que esperamos de quienes lide‚Ä¶ https://t.co/gknOKQvnT9	140	2019-03-29 06:35:02	Twitter for iPad	547	213
1111515720108654594	#MeTooEscritoresMexicanos #MeTooCreativosMexicanos #metoocineastasmexicanos #MeTooMx Lleg√≥ la hora de que los hombr‚Ä¶ https://t.co/fkpXd26Trk	140	2019-03-29 06:29:33	Twitter for iPad	859	358
1111183315166478336	RT @lagunes28: Tras el terremoto de #MeTooPeriodistasMexicanos el patriarcado tiene un descalabro que  no reparar√°. Fuertes denuncias, gran‚Ä¶	140	2019-03-28 08:28:41	Twitter for iPad	0	55
1111182880191975424	"RT @GabriellaNava: Supe de un wey que corrieron por #MeTooPeriodistasMexicanos, est√° acusado de intento de violaci√≥n.
¬øSu respuesta? No neg‚Ä¶"	140	2019-03-28 08:26:58	Twitter for iPad	0	173
1111182340313763840	RT @ajplusespanol: El movimiento #MeTooPeriodistasMexicanos est√° desatando una avalancha de denuncias sobre el acoso y la violencia machist‚Ä¶	140	2019-03-28 08:24:49	Twitter for iPad	0	147
1111182183518142464	"RT @PeriodistasPUM: #COMUNICADO Resumen de denuncias publicadas a trav√©s de @PeriodistasPUM #MeTooPeriodistasMexicanos

#YoLesCreoAEllas
#N‚Ä¶"	140	2019-03-28 08:24:11	Twitter for iPad	0	408
1111181940101648384	Todos los ped√≥filos tienen a alguien que asegura que son ‚Äúbuenos padres‚Äù.Todos los asesinos tienen a quien jura que‚Ä¶ https://t.co/YOP7o3pHpq	140	2019-03-28 08:23:13	Twitter for iPad	1628	748
1111180600893947905	RT @ValeriaLuiselli: #MeToo reaches Mexico: majority of women in media report harassment at work https://t.co/JEvD5tpmmi	120	2019-03-28 08:17:54	Twitter for iPad	0	99
1111180554907668480	RT @trinomonero: Las f√°bulas se publican de Lunes a viernes aqu√≠ üëá https://t.co/CCGGNucAUH	90	2019-03-28 08:17:43	Twitter for iPad	0	43
1111180031391424512	RT @latimesespanol: #Hoy | Todo listo para el Festival de Libros de Los Angeles Times en Espa√±ol üìö La periodista @lydiacachosi hablar√° de s‚Ä¶	140	2019-03-28 08:15:38	Twitter for iPad	0	8
1111178377770217473	RT @nowthisnews: ‚ÄòPeople are dying ‚Ä¶ science should not be partisan.‚Äô ‚Äî¬†@AOC‚Äôs spirited defense of environmental justice is a must-see http‚Ä¶	140	2019-03-28 08:09:04	Twitter for iPad	0	15511
1111178214939025413	RT @bbcmundo: Kayti ten√≠a 8 a√±os cuando su padre la viol√≥ por primera vez y 11 a√±os cuando la empez√≥ a prostituir https://t.co/qD2aJZHZdv	137	2019-03-28 08:08:25	Twitter for iPad	0	3116
1111176729475858432	RT @prensacimac: A pesar de la existencia del #GabineteParitario y del #CongresoParitario, durante los #100D√≠asDeGobierno los medios solo c‚Ä¶	140	2019-03-28 08:02:31	Twitter for iPad	0	10
1110960427532541952	"üôèüèª Namast√©
Nada como sentir
que el cuerpo responde 
al llamado para seguir adelante por la libertad.
A trabajar‚Ä¶ https://t.co/CRi1A1ZRIM"	136	2019-03-27 17:43:01	Instagram	37	7
1110923740286779394	RT @marcelamalafama: Hace falta mucha fuerza para atreverse a poner el cuerpo y denunciar. Sobre todo cuando los victimarios son onegeros-d‚Ä¶	140	2019-03-27 15:17:14	Twitter for iPad	0	29
1110923668333436929	@marcelamalafama #YoS√≠TeCreo tu valent√≠a es un ejemplo para millones de ni√±as @marcelamalafama	94	2019-03-27 15:16:57	Twitter for iPad	15	3
1110923483612176390	#MujeresJuntasMarabunta por d√©cadas los acosadores, hostigadores, agresores que humillan y maltratan en Organizacio‚Ä¶ https://t.co/lJWv4JZjSi	140	2019-03-27 15:16:13	Twitter for iPad	129	72
1110922455000993792	#MujeresJuntasMarabunta Cientos de mujeres denunciando las violencias brutales de escritores, poetas, editores, car‚Ä¶ https://t.co/DZz9obABNW	140	2019-03-27 15:12:07	Twitter for iPad	350	186
1110721013799628800	Mujeres juntas,marabunta. #MeeTooEscritoresMexicanos #Manifiesto	64	2019-03-27 01:51:40	Twitter for iPad	152	30
1110443233392254976	RT @marcelamalafama: Yo hoy denuncio para q las chavas m√°s j√≥venes no se tengan que topar con hombres q utilizan su poder y posici√≥n en las‚Ä¶	140	2019-03-26 07:27:52	Twitter for iPad	0	69
1110072617875181570	@GabytaC S√≠, todo bien, el cari√±o de la gente que me rode√≥, el personal de mi editorial y mas tarde la reacci√≥n efe‚Ä¶ https://t.co/2gK91ZlnyD	140	2019-03-25 06:55:10	Twitter for iPad	16	1
1110070555108085760	@rwinckelmann @lunamaya_chable Ya no te di mi libro firmado! Para la pr√≥xima. Saludos	85	2019-03-25 06:46:59	Twitter for iPad	3	1
1110070434547068928	Gracias, en verdad qued√© conmovida por c√≥mo t√∫ y la gente asistente a la feria acudi√≥ a mi ayuda cuando descubr√≠ qu‚Ä¶ https://t.co/K96MxB1qlg	140	2019-03-25 06:46:30	Twitter for iPad	251	59
1110065399167676416	"La √∫nica lucha que se pierde es la que se abandona. Ve mi programa aqu√≠ üëáüèΩ
https://t.co/KpAuzoBikc

#invokethemuse‚Ä¶ https://t.co/lQpIfh3CXh"	139	2019-03-25 06:26:29	Instagram	51	20
1110063214841249792	Estreno mi nuevo  programa   #LLeg√≥LaHora un espacio  para conspirar sobre las soluciones frente a la violencia con‚Ä¶ https://t.co/gpy7MD1BKg	140	2019-03-25 06:17:49	Instagram	396	123
1110061721111154689	"#yos√≠tecreo 
Primero
Fueron las bisabuelas
Despu√©s las abuelas
Llegaron nuestras madres
Ahora el turno es nuestro..‚Ä¶ https://t.co/uT9NVVOSiI"	140	2019-03-25 06:11:52	Instagram	111	32
1110053914316029952	#SeVaACaer #Lleg√≥LaHora #MeTooLatam #videos. #YoS√≠TeCreo             https://t.co/vI8N9OiLL5 #MeTooCineastas https://t.co/xutrq4FPov	132	2019-03-25 05:40:51	Twitter for iPad	53	31
1110051950085787652	¬øQui√©nes son los acosadores? ¬øPor qu√© se solapan cuando una mujer exige respeto a su profesi√≥n? #MeTooCineMexicano‚Ä¶ https://t.co/OkyawrLd0H	139	2019-03-25 05:33:03	Twitter for iPad	170	66
1110050060086194177	RT @lagunes28: En  los medios saben quienes son los acosadores, las denuncias que hoy se dan en #MeTooPerisodistasMexicanos son valientes y‚Ä¶	140	2019-03-25 05:25:32	Twitter for iPad	0	25
1110050024271069184	RT @marthasosa: Todas ellas unas chingonas.   Ocupan espacios, que antes eran exclusivos de los hombres y aportan una mirada, rica, nueva y‚Ä¶	140	2019-03-25 05:25:24	Twitter for iPad	0	60
1110040122077208576	RT @AristeguiOnline: ‚ÄòFeminicidios, final extremo de la cultura de la violencia contra la mujer‚Äô: Gabriela Jauregui (@surplusera) https://t‚Ä¶	140	2019-03-25 04:46:03	Twitter for iPad	0	36
1110037894599794689	#YoS√≠TeCreo #TimesUp @TIMESUPNOW #MeTooLatam	44	2019-03-25 04:37:12	Twitter for iPad	26	7
1110033990046625793	@jinnahlarsan @melissa__lara Gracias! @melissa__lara  Saludos	61	2019-03-25 04:21:41	Twitter for iPad	1	0
1110033744637902848	Video: #LLEG√ìLAHORA M√©xico con Lydia Cacho (parte 2) https://t.co/vI8N9OiLL5  #MeTooMusicosMexicanos‚Ä¶ https://t.co/PiylLtYe96	125	2019-03-25 04:20:42	Twitter for iPad	329	183
1110026651310743553	RT @DanielareaRea: #MeTooPeriodistasMexicanos https://t.co/tqpcfVHdcM	69	2019-03-25 03:52:31	Twitter for iPad	0	78
1110024230777905157	RT @marisoldeltoroo: @pagusrendon Les puede ayudar como herramienta #Elloshablan , el libro de @lydiacachosi  sobre el machismo visto desde‚Ä¶	140	2019-03-25 03:42:54	Twitter for iPad	0	3
1110024188562157568	@yosoylawilly Gracias!	22	2019-03-25 03:42:44	Twitter for iPad	1	0
1110024172825206784	RT @yosoylawilly: @lydiacachosi üëèüèªüëèüèª excelente presentaci√≥n!! Me encant√≥	72	2019-03-25 03:42:40	Twitter for iPad	0	2
1110020419116060672	RT @Analimon99: @lydiacachosi @megustaleer @SVDocuserie Excelente libro!!! Todos deber√≠an conocer la informaci√≥n que @lydiacachosi da a con‚Ä¶	140	2019-03-25 03:27:45	Twitter for iPad	0	8
1110020094552358912	@layaz22 Exacto, es hora de que hagan la tarea personal y colectiva.	68	2019-03-25 03:26:28	Twitter for iPad	18	2
1110019092155645953	Gracias por todo querida @lunamaya_chable est√° claro que pasar√°n los a√±os y las mafias de ped√≥filos intentar√°n  ata‚Ä¶ https://t.co/qzlEw5FyL5	140	2019-03-25 03:22:29	Twitter for iPad	146	50
1110018541921751040	RT @lunamaya_chable: ‚Å¶@lydiacachosi‚Å© entrevistada por @mala_arriaga en el marco de la Filey sobre su libro #EllosHablan. Foto: Socorro Chab‚Ä¶	140	2019-03-25 03:20:18	Twitter for iPad	0	10
1110018477492977664	RT @JessAyala17: Sal√≠ muy feliz e inspirada de la presentaci√≥n de #EllosHablan muchas gracias a @lydiacachosi por compartir las historias d‚Ä¶	140	2019-03-25 03:20:02	Twitter for iPad	0	1
